date,year,month,city,state,housing_median_listing_price,education,financial,hourly_earnings,resident_population,government,manufacturing,housing_active_listing_count,unemployment_rate,housing_median_home_size_in_square_feet,housing_new_listing_count,housing_median_days_on_market,leisure
2016-07-01,2016,7,Atlanta,GA,272000.0,-0.0825446810191522,0.24587746909109656,-0.10659290144961871,-0.10728256340306105,0.742770113472395,1.0791215885912349,2.146034636542742,0.19005263810064907,1.4376125184202369,1.4818900362875755,-0.5341849768758773,1.0567142726110614
2016-08-01,2016,8,Atlanta,GA,269900.0,-0.07824557686598314,0.2511566879197851,-0.0935532879171031,-0.10728256340306105,0.7569405916895864,1.090994105855374,1.8983379670629683,0.19005263810064907,1.3847963232940905,1.106536043002373,-0.3380204834974525,1.0546312266956512
2016-09-01,2016,9,Atlanta,GA,270168.0,-0.0725983512296733,0.2575117977951619,-0.11773221619233869,-0.10728256340306105,0.7613419277233804,1.0968815545964605,1.834317556149852,0.19005263810064907,1.3651788793900934,1.1224661859534695,-0.22032178747039768,1.106763430895363
2016-10-01,2016,10,Atlanta,GA,269900.0,-0.06770193248718605,0.2550493308979782,-0.01246431090298772,-0.10728256340306105,0.7619183910415188,1.1011455323691306,1.7886534400472223,0.19005263810064907,1.3470704696325575,1.0209115246402314,-0.22032178747039768,1.102887033835999
2016-11-01,2016,11,Atlanta,GA,269900.0,-0.06641000271966305,0.2600063259191144,-0.044733038219452764,-0.10728256340306105,0.7680635452030422,1.1144826416962839,1.6316051400019491,0.19005263810064907,1.3410343330467123,0.48625610184406826,-0.024157294091972942,1.1295726187799635
2016-12-01,2016,12,Atlanta,GA,269000.0,-0.06538414502697254,0.26096096035057564,-0.050097752847196635,-0.10728256340306105,0.767424362276905,1.1237321742242325,1.3212477851505766,0.19005263810064907,1.2867091037741047,-0.1997356789875078,0.721267780746041,1.1423316909844106
2017-01-01,2017,1,Atlanta,GA,269900.0,-0.09827340459524055,0.22445521437782665,0.08116909940926907,-0.09617311949341793,0.7339947663400854,1.0953662908024164,0.9352840402420498,0.1487949799803073,1.2746368306024143,0.6503718823987366,0.8389664767730959,1.0220459841719998
2017-02-01,2017,2,Atlanta,GA,274750.0,-0.09031811392210363,0.23111035318537657,-0.012063926607100173,-0.09617311949341793,0.741228540582137,1.0964145931345022,0.8920663150919286,0.1487949799803073,1.3002904110922566,1.0968416082974293,-0.2595546861460826,1.043872688493405
2017-03-01,2017,3,Atlanta,GA,282450.0,-0.08279655722246154,0.23933491918787675,0.004052486405660731,-0.09617311949341793,0.7445612530820418,1.1171970138025717,0.7440986514642528,0.1075373218599655,1.4210131428091624,1.5442925863409538,-0.8872810649570417,1.0608269635660301
2017-04-01,2017,4,Atlanta,GA,297000.0,-0.07984296529066182,0.24282122504438228,0.12994695170847678,-0.09617311949341793,0.7446110333329728,1.0756120874529855,0.7927883883258879,0.06627966373962337,1.6337869574602084,1.4471486240025573,-0.9265139636327268,1.1024052368292703
2017-05-01,2017,5,Atlanta,GA,299900.0,-0.0758432396231147,0.25266100646295364,0.04300744929762174,-0.09617311949341793,0.74335304366409,1.081403362536511,0.9954761690687045,0.025022005619281574,1.725838040394349,1.7179742159762694,-0.8872810649570417,1.1183406258261752
2017-06-01,2017,6,Atlanta,GA,299900.0,-0.07095502990856416,0.2633714619368186,0.04331423793384739,-0.09617311949341793,0.7527158818773756,1.0969715000697957,1.1266927764366437,-0.016235652501060578,1.763563894055882,1.44420486756806,-0.7695823689299869,1.1419606700141345
2017-07-01,2017,7,Atlanta,GA,297984.0,-0.06887101915619522,0.26172234232115027,0.11063907623355544,-0.09617311949341793,0.7464371438833567,1.108181265098788,1.275330482314709,-0.057493310621402366,1.636805025753131,1.4108422946437627,-0.45571917952450736,1.1374439852080516
2017-08-01,2017,8,Atlanta,GA,299900.0,-0.06497873382515532,0.2646672132637004,0.08099760476111638,-0.09617311949341793,0.7422370295508836,1.1161532019239595,2.0875333634951514,-0.09875096874174415,1.6352959916066698,1.924037166391051,-0.45571917952450736,1.1726422742010887
2017-09-01,2017,9,Atlanta,GA,299900.0,-0.06100746853161968,0.2723351043646105,0.17950602748962594,-0.09617311949341793,0.7565011329420811,1.1167331686348352,1.964245589423488,-0.09875096874174415,1.5945520696522142,1.4981737355338363,0.015075604583712002,1.1584468988110121
2017-10-01,2017,10,Atlanta,GA,299900.0,-0.06041245977450541,0.2782246384922634,0.2025486298481505,-0.09617311949341793,0.7555265651496361,1.1282319847960531,1.8254351698844684,-0.1400086268620863,1.5643713867229878,1.3804234781539617,0.0935414019350819,1.2432828105632612
2017-11-01,2017,11,Atlanta,GA,299950.0,-0.05557802469736406,0.2790037825720956,0.12725261051422415,-0.09617311949341793,0.7549370875722895,1.1418020788677354,1.595163983167285,-0.1400086268620863,1.5538081476977585,1.0232476974350073,0.0935414019350819,1.2298643748365023
2017-12-01,2017,12,Atlanta,GA,300000.0,-0.05297400793353275,0.28104723734655773,0.21132911868139123,-0.09617311949341793,0.7561183671486884,1.1492929906027487,1.2638280903496892,-0.18126628498242808,1.5100461574503803,0.2627772851899813,0.6428019833946711,1.2085528536802537
2018-01-01,2018,1,Atlanta,GA,306950.0,-0.06893387119407457,0.24313030516318634,0.23782988302824795,-0.08640614251853806,0.7400345710631987,1.107127153083989,0.8458092116639832,-0.18126628498242808,1.5251364989149934,0.7975846365993728,0.8781993754487808,1.1469854220151527
2018-02-01,2018,2,Atlanta,GA,312450.0,-0.06247312631091691,0.25951379261288665,0.30280011695493236,-0.08640614251853806,0.7419060573035923,1.1222339880305512,0.7648686018657914,-0.18126628498242808,1.5900249672128302,1.6299102447415466,-0.22032178747039768,1.148823506206293
2018-03-01,2018,3,Atlanta,GA,324900.0,-0.05700395609614128,0.2608816493166877,0.30516530619621823,-0.08640614251853806,0.744443481476402,1.1354983761088215,0.8667611406308178,-0.22252394310277024,1.7152748013691197,2.1211664535053205,-1.0834455583354665,1.183388195953671
2018-04-01,2018,4,Atlanta,GA,337000.0,-0.05185366953042303,0.2662562720308834,0.44889869303295654,-0.08640614251853806,0.7442780885851867,1.1094628961064024,1.015299289674638,-0.263781601223112,1.8963588989444782,2.3062353605543953,-1.0049797609840967,1.1685055884422917
2018-05-01,2018,5,Atlanta,GA,341200.0,-0.04706730221851538,0.267443697734851,0.3576571845513892,-0.08640614251853806,0.7621035358150913,1.1277436043350908,1.1989043514103181,-0.305039259343454,1.8707053184546358,2.379875344511095,-1.0442126596597816,1.1927230126408839
2018-06-01,2018,6,Atlanta,GA,339900.0,-0.04184395391962029,0.27567207602137433,0.37215855380172386,-0.08640614251853806,0.7514927869432589,1.1468188082890869,1.4094161008718273,-0.346296917463796,1.7997807135709536,2.4622358528837203,-0.9265139636327268,1.223255516550939
2018-07-01,2018,7,Atlanta,GA,330772.0,-0.02839828290501774,0.2778488404866638,0.4063766344880982,-0.08640614251853806,0.7524956233729021,1.1518267451352246,1.7333990866852973,-0.38755457558413775,1.6700037769752802,2.1395764494944953,-0.8872810649570417,1.251062606298678
2018-08-01,2018,8,Atlanta,GA,325000.0,-0.018675995452743635,0.27891405376356687,0.3398221848370629,-0.08640614251853806,0.749909595919981,1.1638381397599602,1.811693137035047,-0.38755457558413775,1.5764436598946783,2.1240732949772956,-0.651883672902932,1.2343594868600223
2018-09-01,2018,9,Atlanta,GA,324900.0,-0.021163646880072468,0.28356083809886595,0.5381614260537655,-0.08640614251853806,0.7466716350066442,1.1736841124428465,1.8725640043492184,-0.42881223370447974,1.5040100208645348,1.821761781891896,-0.45571917952450736,1.223605868642201
2018-10-01,2018,10,Atlanta,GA,319450.0,-0.01938993485822199,0.2814400394213206,0.39063868880062375,-0.08640614251853806,0.7491760115516626,1.1893744083950417,2.1487986467803766,-0.38755457558413775,1.4134679720768557,1.953538595288096,-0.22032178747039768,1.2106212178432625
2018-11-01,2018,11,Atlanta,GA,319116.0,-0.013147384850628493,0.3108470187752907,0.315886919214269,-0.08640614251853806,0.7512787112721931,1.193618336593724,2.0812011075347483,-0.38755457558413775,1.3983776306122424,1.3682945122637968,-0.18108888879471272,1.2069955860067347
2018-12-01,2018,12,Atlanta,GA,315000.0,-0.012998025517471982,0.28760221015119,0.3784040998004552,-0.08640614251853806,0.7562565505725274,1.199712764407848,1.9091747433860025,-0.38755457558413775,1.3500885379254803,0.6803420305630482,0.5643361860433013,1.2146217363069751
2019-01-01,2019,1,Atlanta,GA,313950.0,-0.015472015405728979,0.26697540664871117,0.40605315081559656,-0.07648133603270835,0.7170796354526989,1.1354831039982194,1.5810476445618775,-0.38755457558413775,1.2429471135267265,1.6131187982334376,0.799733578097411,1.2539784070042788
2019-02-01,2019,2,Atlanta,GA,317446.0,-0.006185065710639739,0.27574595837061683,0.35558035116358117,-0.07648133603270835,0.7239915572070824,1.1424931550306785,1.5436998124093442,-0.38755457558413775,1.2112573964510387,2.0627938746089565,-0.0633901927676579,1.2609621076394217
2019-03-01,2019,3,Atlanta,GA,324237.1429,-0.005441598041412267,0.28133239759043155,0.41905822296374035,-0.07648133603270835,0.7277185065386225,1.1557952467396295,1.7132350155040812,-0.42881223370447974,1.3561246745113256,2.196739642039962,-0.6126507742272471,1.2468561960264934
2019-04-01,2019,4,Atlanta,GA,329950.0,-0.007653593083351501,0.28462224550966525,0.39626866576133785,-0.07648133603270835,0.7276692789489786,1.1698803913215297,1.9862117362224532,-0.42881223370447974,1.4783564403746925,2.7698361755483356,-0.8480481662813568,1.2572041455494314
2019-05-01,2019,5,Atlanta,GA,337510.0,-0.005667391273976534,0.2927885214782834,0.3880764801864321,-0.07648133603270835,0.7401525672116653,1.1811624120405833,2.165002232999305,-0.4700698918248217,1.5628623525765264,2.8798630559380904,-0.8088152676056719,1.2765055823134002
2019-06-01,2019,6,Atlanta,GA,334900.0,-0.003569772359862687,0.2946404884701613,0.47604527880560377,-0.07648133603270835,0.724467302698059,1.1805810879364291,2.311453644792768,-0.5113275499451636,1.528154567207916,2.511512195502825,-0.6126507742272471,1.2645899527748252
2019-07-01,2019,7,Atlanta,GA,329450.0,-0.00645828607112569,0.2981390002502194,0.31909362399628655,-0.07648133603270835,0.7214000769724827,1.1964893588788845,2.446036503511518,-0.5525852080655056,1.4406305867131595,2.3632150958470683,-0.4164862808488224,1.278645514094201
2019-08-01,2019,8,Atlanta,GA,323803.4286,-0.00033075139371243424,0.308993404269174,0.3297834390540524,-0.07648133603270835,0.7359004499152252,1.194589504655212,2.414350733376279,-0.5938428661858474,1.338447416935911,2.208220707819762,-0.3772533821731375,1.270030711493679
2019-09-01,2019,9,Atlanta,GA,320000.0,0.003766365343048962,0.31264966495935,0.39774805264288754,-0.07648133603270835,0.7405867806078996,1.192902870752904,2.3421594426557837,-0.5938428661858474,1.255019386698417,1.9805129031870528,-0.10262309144334283,1.2626559342733998
2019-10-01,2019,10,Atlanta,GA,322450.0,0.010477209718451657,0.3229636071286457,0.37772729285820494,-0.07648133603270835,0.7399112035674249,1.1714704728792726,2.310147015096469,-0.6351005243061894,1.2565284208448784,1.9164102859165,-0.2987875848217676,1.2707074946947507
2019-11-01,2019,11,Atlanta,GA,325000.0,0.016977380655364728,0.3305629205215717,0.37278155730303386,-0.07648133603270835,0.7438543978442884,1.1755164361911308,1.9965558879848169,-0.6351005243061894,1.2293658062085746,1.239984160389922,-0.0633901927676579,1.27428667516864
2019-12-01,2019,12,Atlanta,GA,319950.0,0.020256982110143748,0.333214591067176,0.46130733273234026,-0.07648133603270835,0.7441983394139662,1.1778106959865555,1.674580553655249,-0.6351005243061894,1.1312785866885888,0.48701759633134056,0.5251032873676164,1.3001299457197257
2020-01-01,2020,1,Atlanta,GA,319450.0,0.00770110304223972,0.32222330509847247,0.43423803552330814,-0.06855962945948206,0.7271443446289944,1.1338509702577069,1.2456533745648721,-0.5938428661858474,1.0965708013199784,1.3913014528554946,0.760500679421726,1.3020063686324088
2020-02-01,2020,2,Atlanta,GA,324816.0,0.012272683579266558,0.32613605061081663,0.4650229972620156,-0.06855962945948206,0.7322164022965564,1.1286016637130063,1.0655143115908459,-0.5113275499451636,1.1388237574208955,1.458555663382761,0.015075604583712002,1.2742451567500335
2020-03-01,2020,3,Atlanta,GA,329950.0,0.009149803664439642,0.32467376082197313,0.4982696262474171,-0.06855962945948206,0.7330209801892105,1.1241118630052145,1.0505296737970762,-0.42881223370447974,1.1961670549864256,2.0856301333693894,-0.651883672902932,1.0130336454839322
2020-04-01,2020,4,Atlanta,GA,325450.0,-0.20682818036978223,0.27175317372121527,0.912352281641249,-0.06855962945948206,0.6767467343160312,0.6939599578472566,1.4101609808475548,3.4081499714873202,1.033191367168603,1.1516491252019945,-0.651883672902932,-1.5748000578866241
2020-05-01,2020,5,Atlanta,GA,334848.0,-0.15058855647215902,0.2670466554948026,0.7160727817610388,-0.06855962945948206,0.6704280216827219,0.7858589054337026,1.3210077761321035,2.3767085184787717,1.0724262549765973,1.6745269309914486,-0.0633901927676579,-0.9713982832093995
2020-06-01,2020,6,Atlanta,GA,347000.0,-0.11004600934773827,0.2718018298304493,0.6493226929868217,-0.06855962945948206,0.6619728730763396,0.8916639843837728,0.9137274769604281,1.7991013047939846,1.1342966549815114,1.6716852037860712,-0.3772533821731375,-0.424924851508
2020-07-01,2020,7,Atlanta,GA,356508.0,-0.10871100153567263,0.27164027273848884,0.6446583700973464,-0.06855962945948206,0.6738874821998944,0.8901429682326094,0.5388959258169884,1.551555356071933,1.188621884254119,1.4282439065254011,-0.6126507742272471,-0.36511913460627843
2020-08-01,2020,8,Atlanta,GA,365000.0,-0.09589863796171282,0.27410741656091997,0.7474231454730915,-0.06855962945948206,0.6814555602687768,0.8876763055250011,0.31649802820153966,1.1389787748685138,1.1056250061987463,1.514442965088518,-1.0049797609840967,-0.3000940555342928
2020-09-01,2020,9,Atlanta,GA,369000.0,-0.08887328038262017,0.28060819662768116,0.685123617464644,-0.06855962945948206,0.6700152911560384,0.8914680580328941,0.11598416995397016,0.9739481423871459,0.9501944891132303,1.2103781541131289,-1.1619113556868363,-0.21582590286738787
2020-10-01,2020,10,Atlanta,GA,369000.0,-0.08187774745404988,0.3011441032868728,0.7007934753612146,-0.06855962945948206,0.6665423041934797,0.9107844678614734,0.034377185710201597,0.4788562449430427,0.8430530647144766,1.1061814899159552,-1.0834455583354665,-0.12308177194719903
2020-11-01,2020,11,Atlanta,GA,359950.0,-0.079541597812468,0.2943275983148011,0.8288928592119384,-0.06855962945948206,0.6569017951779623,0.8914699870205437,-0.19815420796722147,0.4375985868227009,0.6438605573815823,0.5700422905014055,-0.8480481662813568,-0.09526420103209303
2020-12-01,2020,12,Atlanta,GA,354950.0,-0.07110729995164726,0.318893771103214,0.7692266481686477,-0.06855962945948206,0.6625062210551573,0.9453198666655819,-0.4757473181755495,0.39634092870235876,0.5080474842000634,0.05853139353346102,-0.3772533821731375,-0.02054153821578246
2016-07-01,2016,7,New York,NY,428000.0,1.0008648721668767,1.0528880136339598,0.7287806528760092,1.6653001505947664,1.2201825696483675,-0.26874604722405915,0.17822899693042207,0.1075373218599655,-0.42755368660595516,-0.7639402922129228,1.0351309701515206,0.7606633653904231
2016-08-01,2016,8,New York,NY,424950.0,1.0088956684899602,1.0570632597573417,0.8481228943418666,1.6653001505947664,1.2191958496955,-0.2700672863816923,0.1033572883713019,0.1075373218599655,-0.44113499392410704,-0.9703109797115711,1.7805560449895346,0.7615382305373538
2016-09-01,2016,9,New York,NY,427000.0,1.0181855571487486,1.0508516540060107,0.7882713534252611,1.6653001505947664,1.2194837706770119,-0.2765520257029179,0.03578268649405464,0.1075373218599655,-0.4667885744139495,-0.7108565026540217,2.172885031746384,0.7843835405942519
2016-10-01,2016,10,New York,NY,434900.0,1.0176570709762924,1.0489027135620186,0.9087692269364943,1.6653001505947664,1.2168055729704856,-0.2706190078492299,-0.01641708130464293,0.06627966373962337,-0.487915052464408,-0.9014213426997392,2.055186335719329,0.763258695784832
2016-11-01,2016,11,New York,NY,439450.0,1.0240416825634304,1.051034674688663,0.808876244764385,1.6653001505947664,1.2106893941611858,-0.2741373234051056,-0.15102324456188232,0.025022005619281574,-0.5467673841763995,-0.9506282262796191,2.133652133070699,0.8024723746612246
2016-12-01,2016,12,New York,NY,435000.0,1.0335736358693701,1.0530802212671646,0.7641897767197355,1.6653001505947664,1.2141157235027769,-0.2732777449119786,-0.39905699168339137,-0.016235652501060578,-0.5844932378379325,-1.419137402667447,2.761378511881658,0.8097733112816589
2017-01-01,2017,1,New York,NY,429000.0,1.0456510689672722,1.0587652644357823,0.9442240994765319,1.6638159511887276,1.2252253030983533,-0.2749959710119274,-0.574402488855337,-0.057493310621402366,-0.6146739207671589,-0.9931546595042848,3.075241701287138,0.848023806108973
2017-02-01,2017,2,New York,NY,447000.0,1.0541657017218589,1.067286241068042,0.9127510098017712,1.6638159511887276,1.2250528011072637,-0.27776193759122136,-0.49561540744323507,-0.09875096874174415,-0.521113803686557,-0.7413062831366737,2.5652140185032337,0.8727264962564188
2017-03-01,2017,3,New York,NY,459000.0,1.0583904698946196,1.0736094162609493,0.9462652757235473,1.6638159511887276,1.225552876329546,-0.27857162147079545,-0.3878944495815162,-0.09875096874174415,-0.4728247109997948,-0.4285846025285502,0.4466374900162464,0.867684320089239
2017-04-01,2017,4,New York,NY,475136.0,1.0569852338273986,1.0704974819882869,1.0438996646395478,1.6638159511887276,1.2186462442693409,-0.2794268456741346,-0.29385935112026157,-0.09875096874174415,-0.43358982319180045,-0.31758034185467415,0.0935414019350819,0.8966204093356448
2017-05-01,2017,5,New York,NY,494000.0,1.071919244278174,1.0777253244529281,0.9766731620570746,1.6638159511887276,1.2195134632091753,-0.2725849444250235,-0.07834951549905478,-0.09875096874174415,-0.3777555597727316,-0.13764601608492347,-0.024157294091972942,0.9478333711361366
2017-06-01,2017,6,New York,NY,495260.0,1.0867598769210405,1.0893211706429644,0.9892738456238711,1.6638159511887276,1.2268811630591732,-0.2771849900043082,-0.03243566460717475,-0.09875096874174415,-0.3249393646465854,-0.38651040695054856,0.0935414019350819,0.9587735625166853
2017-07-01,2017,7,New York,NY,489000.0,1.0813989282301215,1.0813144854555348,1.0743487791755897,1.6638159511887276,1.2384338965605022,-0.2830738298154153,-0.048634560225093854,-0.057493310621402366,-0.2826864085456684,-0.5762918848768528,0.6428019833946711,0.9534001070909964
2017-08-01,2017,8,New York,NY,479500.0,1.0906117109504503,1.0866441247703154,0.9821246114916682,1.6638159511887276,1.2211101979264645,-0.2876151887149779,-0.04116337147049809,-0.057493310621402366,-0.30833998903551085,-0.6562626963300752,1.1135967675028906,0.9840468956308591
2017-09-01,2017,9,New York,NY,485000.0,1.0989332759117512,1.0902022826454285,1.0237776137763166,1.6638159511887276,1.21173800438457,-0.29370752029307834,-0.10178188022937842,-0.09875096874174415,-0.31286709147489483,-0.6965465006068849,1.348994159557,0.972957876900986
2017-10-01,2017,10,New York,NY,488528.5,1.1103456341334272,1.0922857044418037,1.163438727370689,1.6638159511887276,1.2194192747774406,-0.29567093009064016,-0.1315987153499927,-0.09875096874174415,-0.3551200475758118,-0.6726746165909978,1.348994159557,0.9966514504934115
2017-11-01,2017,11,New York,NY,485000.0,1.1171432352978228,1.0941571721848529,1.0637925118479399,1.6638159511887276,1.2076957993392308,-0.2942522117865178,-0.2798338922309519,-0.09875096874174415,-0.43358982319180045,-0.9630164059342271,1.3097612608813152,1.00412389560329
2017-12-01,2017,12,New York,NY,479900.0,1.127766131449192,1.0977958407975168,1.1098732379279568,1.6638159511887276,1.214747210193959,-0.2972318966449355,-0.5171799749849093,-0.1400086268620863,-0.4516982329493363,-1.3530233110437861,2.133652133070699,1.0030132442148574
2018-01-01,2018,1,New York,NY,479990.0,1.1338347518243783,1.0942413969869016,1.144082955472077,1.6591445379272363,1.2124766456738185,-0.29230084992734956,-0.6927249164825946,-0.1400086268620863,-0.46980664270687217,-0.9352908321780945,2.5652140185032337,1.0178167718422442
2018-02-01,2018,2,New York,NY,499950.0,1.1533874878522106,1.1039537499250307,1.1602728748112172,1.6591445379272363,1.2191795334906832,-0.28931385174666424,-0.5683375902332688,-0.18126628498242808,-0.5180957353936344,-0.6503907811451831,1.9767205383679594,1.0297108212506738
2018-03-01,2018,3,New York,NY,520000.0,1.155264553205134,1.106652252654063,1.2150051714192918,1.6591445379272363,1.217794759814073,-0.29130870402762105,-0.4523538935199343,-0.22252394310277024,-0.5482764183228608,-0.5021112162844023,0.0935414019350819,1.0422549415454516
2018-04-01,2018,4,New York,NY,534450.0,1.1671585313946324,1.1101891609282049,1.2776343317829564,1.6591445379272363,1.2183015186957185,-0.2924294863860519,-0.26829059072757866,-0.22252394310277024,-0.4954602231967146,-0.0856728415846693,-0.0633901927676579,1.042050220805525
2018-05-01,2018,5,New York,NY,549000.0,1.1746747780514946,1.1147334320928455,1.2007302486304934,1.6591445379272363,1.22795172223728,-0.2933976663839167,-0.050238519083177786,-0.263781601223112,-0.47886084758564007,-0.03455226579597271,-0.4164862808488224,1.0332734967550374
2018-06-01,2018,6,New York,NY,549000.0,1.182561980770605,1.128379897745572,1.2403381156552455,1.6591445379272363,1.2405719078792155,-0.29412286760809037,0.07397869320792949,-0.305039259343454,-0.41548141343426465,-0.29015514473945564,-0.2987875848217676,1.0453762798556412
2018-07-01,2018,7,New York,NY,549000.0,1.1901364671457457,1.125527839281781,1.351912779770811,1.6591445379272363,1.2106220334429127,-0.2998476954602675,0.09599143940139583,-0.346296917463796,-0.370210389040425,-0.47012348757451616,0.4466374900162464,1.0400202621422983
2018-08-01,2018,8,New York,NY,532450.0,1.1967838184183806,1.1245401137029296,1.2736546365382995,1.6591445379272363,1.2028550149867443,-0.2982507082458973,0.06574517763015675,-0.346296917463796,-0.3988820378231901,-0.6043523678617955,0.799733578097411,1.0388365549488883
2018-09-01,2018,9,New York,NY,535000.0,1.1926331998691317,1.1239752844472675,1.3913475035296698,1.6591445379272363,1.2247837007849136,-0.30378648831094035,0.09490271006879775,-0.38755457558413775,-0.4516982329493363,-0.39807636029337057,1.1135967675028906,1.0392294371285498
2018-10-01,2018,10,New York,NY,538312.0,1.2198336810966879,1.1286355049255858,1.360733741831889,1.6591445379272363,1.2232148229137612,-0.29818741243954056,0.11463592922213747,-0.38755457558413775,-0.5135686329542505,-0.5768489001860054,0.9174322741244658,1.0476094080849794
2018-11-01,2018,11,New York,NY,535000.0,1.2223866645338788,1.1309744121721428,1.4071851369851514,1.6591445379272363,1.22696162251012,-0.2990006861420719,0.01889579353679726,-0.38755457558413775,-0.5844932378379325,-0.859656296069672,0.9958980714758356,1.0504282750542109
2018-12-01,2018,12,New York,NY,525000.0,1.2361591269928622,1.12748963319492,1.4613611797548758,1.6591445379272363,1.225553932027246,-0.29819833879231683,-0.23198827204376268,-0.346296917463796,-0.6327823305246948,-1.2620439861959036,1.9767205383679594,1.0721597871445063
2019-01-01,2019,1,New York,NY,520000.0,1.2599639683547021,1.1476563083673017,1.4442989985069685,1.6516946185737236,1.2214358087165422,-0.2910788517685068,-0.4134320416517932,-0.346296917463796,-0.7082340378477607,-0.7249195593111986,2.4082824238004936,1.094781361819607
2019-02-01,2019,2,New York,NY,528500.0,1.272619447353204,1.151835417995945,1.4735336760194901,1.6516946185737236,1.2274204283789854,-0.2910902620374168,-0.34149971367214277,-0.38755457558413775,-0.6991798329689929,-0.7135258066684057,1.9374876396922744,1.0978095110542927
2019-03-01,2019,3,New York,NY,540714.2857,1.2825859589668667,1.1560421415092,1.4749456698648022,1.6516946185737236,1.2272040905034243,-0.2912257200965676,-0.19852226858925084,-0.38755457558413775,-0.5883736104950995,-0.3795089528770536,0.015075604583712002,1.1029319103561734
2019-04-01,2019,4,New York,NY,556500.0,1.2870440069554812,1.1588870012360113,1.4597481766087332,1.6516946185737236,1.2317710319739412,-0.2873499366399574,-0.03186311780527839,-0.42881223370447974,-0.4562253353887203,-0.04459259229811307,-0.4164862808488224,1.095696787797835
2019-05-01,2019,5,New York,NY,569500.0,1.2897446461036797,1.1621573265500016,1.4772590329477024,1.6516946185737236,1.235582495580923,-0.29024478918293767,0.18871115546818573,-0.4700698918248217,-0.4441530622170297,0.11042241076304388,-0.4164862808488224,1.0953266285452206
2019-06-01,2019,6,New York,NY,569000.0,1.2964767108586794,1.1683421595159469,1.6605680900067679,1.6516946185737236,1.2527626397369431,-0.2968236673779888,0.288078773626033,-0.4700698918248217,-0.3551200475758118,-0.1972089105923662,0.015075604583712002,1.0907011270628864
2019-07-01,2019,7,New York,NY,559500.0,1.2970707783907587,1.1690868687361846,1.4881990913706493,1.6516946185737236,1.2244192693526503,-0.30495889581351593,0.24774480224465387,-0.4700698918248217,-0.36719232074750235,-0.5405206678554703,0.5251032873676164,1.1164256564545385
2019-08-01,2019,8,New York,NY,553989.1429,1.305574103672194,1.1714168180363334,1.5687420713113926,1.6516946185737236,1.22541855818829,-0.3192578995426626,0.18018028165655692,-0.4700698918248217,-0.3917680192730057,-0.3732124053639313,1.1920625648542604,1.105283574988902
2019-09-01,2019,9,New York,NY,550461.1429,1.308771535430442,1.16212120237812,1.6927554433247503,1.6516946185737236,1.2417676783909588,-0.3282379348492256,0.1081455831911668,-0.4700698918248217,-0.4516982329493363,-0.2835615622009023,1.1135967675028906,1.1167505938640006
2019-10-01,2019,10,New York,NY,558028.0,1.3201485804372468,1.1609616069455697,1.6359788522171947,1.6516946185737236,1.2374185109271183,-0.33429578379911595,0.09995594433200335,-0.4700698918248217,-0.47584277929271745,-0.675146850397945,0.799733578097411,1.1086192645781638
2019-11-01,2019,11,New York,NY,550000.0,1.3297773378323812,1.1614862207610066,1.6724696217282966,1.6516946185737236,1.2502661909407358,-0.33177023183915194,-0.06172117614597784,-0.4700698918248217,-0.6327823305246948,-0.8835325895227112,0.721267780746041,1.1360273886188539
2019-12-01,2019,12,New York,NY,553527.5,1.3358406969991705,1.1623679221314505,1.747434508778095,1.6516946185737236,1.2416570219706147,-0.33842296380549236,-0.3990319266577645,-0.4700698918248217,-0.6871075597973023,-1.4436254825947448,2.0944192343950143,1.1532640387972009
2020-01-01,2020,1,New York,NY,549000.0,1.3711397205524924,1.1808097937186597,1.6679070089200958,1.637542965035936,1.2717783343047642,-0.3189972677740417,-0.5814588904103877,-0.5113275499451636,-0.7142701744336061,-0.7765050495828448,2.7221456132059734,1.2005657922160704
2020-02-01,2020,2,New York,NY,559900.0,1.3782977118018047,1.1883868320544295,1.752468106654556,1.637542965035936,1.2687846286833626,-0.31856986764928963,-0.5343767347715926,-0.5113275499451636,-0.6689991500397664,-0.5705594049825956,1.5843915516111098,1.2305836755472552
2020-03-01,2020,3,New York,NY,569450.0,1.3464763925227021,1.1782374481681406,1.7871392803133783,1.637542965035936,1.267645636869557,-0.34534165909188824,-0.46457709587267937,-0.263781601223112,-0.605619715888391,-0.6782059571382166,-0.0633901927676579,0.8726268758656306
2020-04-01,2020,4,New York,NY,580000.0,0.9164937342184223,1.048211413934354,2.17128249564663,1.637542965035936,1.1776976213517187,-0.8846042236950379,-0.5389751377275684,4.852168005699286,-0.6342913646711561,-1.580989646645019,-0.0633901927676579,-2.499996026745414
2020-05-01,2020,5,New York,NY,579000.0,0.9348363640448737,1.0446004534965465,1.913514231485955,1.637542965035936,1.1545442361465021,-0.7470491320449086,-0.6325217530856988,5.182229270662022,-0.6689991500397664,-0.8328913388072178,1.348994159557,-2.345370644004836
2020-06-01,2020,6,New York,NY,589500.0,0.9936524805093179,1.0232580987478155,1.9434224943207736,1.637542965035936,1.1439441673083703,-0.6428611545602946,-0.5378770116485294,4.68713737321792,-0.5844932378379325,-0.21324521925595546,1.5843915516111098,-2.279532392824671
2020-07-01,2020,7,New York,NY,599499.5,1.0264924353396752,1.0187558774046448,1.918238774993511,1.637542965035936,1.0633420964132538,-0.6099812859260768,-0.42861346678415385,4.398333766375527,-0.8138664281000532,-0.1251981793975763,-0.651883672902932,-1.8326012201376845
2020-08-01,2020,8,New York,NY,635000.0,1.078448815891095,1.0351757533614558,2.0972725671588948,1.637542965035936,1.1231787208697486,-0.5885080877040217,-0.35020040145277886,3.0780887065245843,-1.0492757549480192,-0.1915349902497798,-0.9265139636327268,-1.5350909668230284
2020-09-01,2020,9,New York,NY,644450.0,1.1008787841469045,1.048978796491203,2.0023672096272587,1.637542965035936,1.230145101050111,-0.5779103409041596,-0.334620737706414,2.33545086035843,-1.1820707598366154,-0.1616834253662882,-0.5341849768758773,-1.1784563009766356
2020-10-01,2020,10,New York,NY,655360.0,1.1032955280453383,1.0449917666917257,2.002564349959346,1.637542965035936,1.1839737069012395,-0.5678680965823567,-0.2830088119915833,1.7578436466736427,-1.3178838330181342,-0.23224166963635906,-0.6126507742272471,-1.0915877613167801
2020-11-01,2020,11,New York,NY,649000.0,1.1171070881456133,1.0448083844490559,2.1075930911959433,1.637542965035936,1.1645159814213906,-0.5695787302208938,-0.3846197907426562,2.211677885997404,-1.3480645159473605,-0.8292729673061885,0.48587038869193133,-1.074790347345243
2020-12-01,2020,12,New York,NY,649450.0,1.1200249221693452,1.0380448366808832,2.0982380613772587,1.637542965035936,1.162900797622255,-0.5539116384146087,-0.6756232016879775,1.9228742791550106,-1.491422759861186,-1.2722219452238548,1.4274599569083701,-1.3041830789670936
2016-07-01,2016,7,Topeka,KS,110000.0,0.4124308122292271,0.29853957589408053,-1.4923025071305405,-0.8347427286254904,-0.7823012264720085,0.431383000472701,-0.187575289297171,-0.263781601223112,-1.2122514427658417,-0.2854195203763861,-0.2987875848217676,-0.9175522225528453
2016-08-01,2016,8,Topeka,KS,109925.0,0.41124374174356443,0.32396305308918427,-1.40155082250523,-0.8347427286254904,-0.7823012264720085,0.4963916889679248,-0.25229245726157973,-0.263781601223112,-1.2122514427658417,-0.4832127109394973,-0.2595546861460826,-0.9748647402029306
2016-09-01,2016,9,Topeka,KS,112500.0,0.41532500070877737,0.33854153721460856,-1.3490675658010352,-0.8347427286254904,-0.7823012264720085,0.4620873441215676,-0.2551062471730758,-0.263781601223112,-1.2545043988667588,-0.2854195203763861,0.015075604583712002,-0.9526094157260714
2016-10-01,2016,10,Topeka,KS,115000.0,0.38801023507985855,0.3368106960650081,-1.2094164809101091,-0.8347427286254904,-0.7823012264720085,0.4623574513745123,-0.2944993059340203,-0.263781601223112,-1.2122514427658417,-0.45848856211910854,-0.22032178747039768,-0.9612152948979334
2016-11-01,2016,11,Topeka,KS,114450.0,0.4029175709880479,0.3351107245090346,-1.2309113592641487,-0.8347427286254904,-0.7823012264720085,0.5156089071413409,-0.37328542345590926,-0.305039259343454,-1.2197966134981484,-0.5079368597598864,-0.2595546861460826,-0.9036379608288269
2016-12-01,2016,12,Topeka,KS,107500.0,0.3854162853975456,0.3312063359177179,-1.3195665063255246,-0.8347427286254904,-0.7823012264720085,0.504889505743123,-0.5505541878801596,-0.346296917463796,-1.2726128086242945,-1.323833770832721,0.8781993754487808,-0.9056418320920855
2017-01-01,2017,1,Topeka,KS,107625.0,0.3864317542689768,0.3236776837452859,-1.384635063006116,-0.8347675939713284,-0.7818452275058466,0.5021509937535427,-0.7600583038625467,-0.38755457558413775,-1.2816670135030626,-0.655011845490194,0.9174322741244658,-0.8964204342069759
2017-02-01,2017,2,Topeka,KS,109900.0,0.3790868268291141,0.32384645174655874,-1.4953024089769142,-0.8347675939713284,-0.7818452275058466,0.49659273733141857,-0.768506555729178,-0.38755457558413775,-1.1730165549578475,-0.506546009025763,-0.45571917952450736,-0.875514213644551
2017-03-01,2017,3,Topeka,KS,117450.0,0.39995847263065004,0.33176615015836075,-1.4330669894678805,-0.8347675939713284,-0.7818452275058466,0.5112757100577293,-0.7290813803515656,-0.38755457558413775,-1.1036009842206267,0.0130844185997465,-0.9657468623084117,-0.863459349221001
2017-04-01,2017,4,Topeka,KS,122900.0,0.3859289253607447,0.32852052592795644,-1.4249734985257398,-0.8347675939713284,-0.7818452275058466,0.4764026627336775,-0.7600583038625467,-0.38755457558413775,-1.0009866622612569,-0.061148499632469176,-0.5341849768758773,-0.8829654220378731
2017-05-01,2017,5,Topeka,KS,122400.0,0.38290645647708743,0.3248384083977506,-1.3743035755012325,-0.8347675939713284,-0.7818452275058466,0.4781754687822861,-0.630518441907535,-0.38755457558413775,-0.9587337061603399,-0.0858928057098743,-0.651883672902932,-0.8697384412419206
2017-06-01,2017,6,Topeka,KS,129900.0,0.3904195567230703,0.33486440823177976,-1.367459823791891,-0.8347675939713284,-0.7978385855315154,0.5444722690621998,-0.6051736863076413,-0.38755457558413775,-0.8983723403018872,-0.01165988747765862,-1.0049797609840967,-0.8631562854749361
2017-07-01,2017,7,Topeka,KS,125000.0,0.3997535723065654,0.331457198670118,-1.3700037405981105,-0.8347675939713284,-0.7818452275058466,0.5549755602609843,-0.5488520071967665,-0.38755457558413775,-0.9225168866452683,-0.20961433609690022,-0.8480481662813568,-0.8078858973465253
2017-08-01,2017,8,Topeka,KS,122975.0,0.38689053095651676,0.3246473785879543,-1.4475134647109555,-0.8347675939713284,-0.7818452275058466,0.5594542322611025,-0.3489100463531613,-0.42881223370447974,-1.0598389939732484,-0.03640419355506374,-0.7695823689299869,-0.8168806981040758
2017-09-01,2017,9,Topeka,KS,117500.0,0.39017312596774245,0.34123756457533994,-1.4159553883503468,-0.8347675939713284,-0.7978385855315154,0.5903529970836305,-0.26442752768684924,-0.4700698918248217,-1.166980418372002,-0.11063711178727942,-0.9265139636327268,-0.7926665625189769
2017-10-01,2017,10,Topeka,KS,119900.0,0.40229070920974197,0.3084873249072971,-1.325807347172934,-0.8347675939713284,-0.7978385855315154,0.5852556899224537,-0.34046179448652997,-0.4700698918248217,-1.1292545647104693,-0.43231309079354724,-0.4164862808488224,-0.8013077819908263
2017-11-01,2017,11,Topeka,KS,110450.0,0.3815100886587665,0.30478136042552323,-1.3353144448499465,-0.8347675939713284,-0.7818452275058466,0.5799693173588225,-0.40241564150849224,-0.5113275499451636,-1.194143033008306,-0.6302675394127888,0.05430850325939695,-0.8510847874622781
2017-12-01,2017,12,Topeka,KS,109900.0,0.3773592989591786,0.30067813368686475,-1.3288962544464562,-0.8347675939713284,-0.7818452275058466,0.6274123885714991,-0.5798289307077477,-0.5113275499451636,-1.3088296281393663,-1.0261764366512722,0.2504729966378217,-0.8536739011680772
2018-01-01,2018,1,Topeka,KS,109000.0,0.4030628951797739,0.2990674951413183,-1.2434411650574906,-0.8348763471418087,-0.779842063132261,0.6564855577671399,-0.7702935544004025,-0.5525852080655056,-1.4521878720531918,-0.8977618038399209,0.8781993754487808,-0.8841856645914468
2018-02-01,2018,2,Topeka,KS,114950.0,0.40915916684408227,0.32953709393590047,-1.2701126958755302,-0.8348763471418087,-0.779842063132261,0.6440345848451293,-0.7533365854338988,-0.5525852080655056,-1.3103386622858275,-0.5501018313234074,0.32893879398919157,-0.9206790060483867
2018-03-01,2018,3,Topeka,KS,115000.0,0.39484868431428366,0.3091599678891613,-1.3062171125061204,-0.8348763471418087,-0.779842063132261,0.5979385944914142,-0.7787720388836544,-0.5525852080655056,-1.169998486664925,0.021053837810865117,-0.8480481662813568,-0.8451942786843408
2018-04-01,2018,4,Topeka,KS,119700.0,0.40830502670549224,0.3365298171175574,-1.3525069049331135,-0.8348763471418087,-0.779842063132261,0.6298302579925783,-0.7674673929059852,-0.5113275499451636,-1.076438369584323,-0.20244185880689353,-1.1619113556868363,-0.8050926019538512
2018-05-01,2018,5,Topeka,KS,127200.0,0.4300967566392556,0.3312747734846753,-1.3045401805446015,-0.8348763471418087,-0.779842063132261,0.6985145056076935,-0.7109441630176399,-0.5113275499451636,-1.0749293354378617,-0.0037790173688859864,-1.0834455583354665,-0.8432557043481927
2018-06-01,2018,6,Topeka,KS,133000.0,0.4357407884490166,0.2826007965269803,-1.2719170930928572,-0.8348763471418087,-0.779842063132261,0.6942148934435403,-0.5752884112856107,-0.5113275499451636,-1.0130589354329476,0.19488382406912186,-1.4757745450923159,-0.8428391433760561
2018-07-01,2018,7,Topeka,KS,134500.0,0.44328411744242735,0.3080575244364226,-1.2255541359786581,-0.8348763471418087,-0.779842063132261,0.6887512519734953,-0.4876774049586754,-0.5113275499451636,-0.9587337061603399,0.0955524033501181,-1.436541646416631,-0.8399481243457255
2018-08-01,2018,8,Topeka,KS,129900.0,0.44215532673774177,0.2692547624891993,-1.1695353856695807,-0.8348763471418087,-0.779842063132261,0.6985238905373372,-0.5159390199028483,-0.5113275499451636,-1.1911249647153832,-0.3017732795258976,-1.0442126596597816,-0.8082320174203279
2018-09-01,2018,9,Topeka,KS,125000.0,0.4331533916039113,0.2884538535740877,-1.0941263612951388,-0.8348763471418087,-0.779842063132261,0.733786498678046,-0.4650681130033371,-0.5113275499451636,-1.4476607696138077,-0.07827758290813865,-1.0049797609840967,-0.779777938114046
2018-10-01,2018,10,Topeka,KS,125375.0,0.45651667253694067,0.28588027876367705,-1.0735130713328451,-0.8348763471418087,-0.779842063132261,0.7178886378976959,-0.5442006348470209,-0.5113275499451636,-1.420498154977504,-0.45077041060440326,-0.6911165715786171,-0.8502150770642162
2018-11-01,2018,11,Topeka,KS,121200.0,0.5115936773395763,0.2808990969418239,-1.0566542049880934,-0.8348763471418087,-0.779842063132261,0.7191102554893912,-0.6092023492186182,-0.5113275499451636,-1.462751111078421,-0.62460039686266,0.13277430061076684,-0.8399817105066113
2018-12-01,2018,12,Topeka,KS,120000.0,0.520357552900731,0.2753746338385039,-0.9968137385385217,-0.8348763471418087,-0.779842063132261,0.7678403146974577,-0.8042074923334097,-0.5113275499451636,-1.5019859988864153,-0.9722603693791737,0.5643361860433013,-0.8465322379143361
2019-01-01,2019,1,Topeka,KS,119500.0,0.5138262208636739,0.2679758013084927,-0.9938174224608975,-0.834922675207212,-0.7789843683563757,0.7368317971839524,-0.8693385561705457,-0.5113275499451636,-1.4853866232753408,-0.995235435417332,0.8781993754487808,-0.826657507075846
2019-02-01,2019,2,Topeka,KS,123500.0,0.5212445137823578,0.267643512236397,-0.9407090015257569,-0.834922675207212,-0.7789843683563757,0.7816443610657662,-0.9627442771614405,-0.5113275499451636,-1.453696906199653,-0.995235435417332,0.8389664767730959,-0.8091748675164464
2019-03-01,2019,3,Topeka,KS,130428.5714,0.521758737640449,0.24976275699365338,-0.8696947113584139,-0.834922675207212,-0.7789843683563757,0.7429765382369801,-1.030675710609364,-0.5113275499451636,-1.2691635881492498,-0.7713985122225459,-0.0633901927676579,-0.8338272013683905
2019-04-01,2019,4,Topeka,KS,140000.0,0.48637124500830814,0.21337022814837642,-0.8465979695333004,-0.834922675207212,-0.7789843683563757,0.837560955353816,-1.090115714876297,-0.5525852080655056,-1.1654713842255409,-0.12475851188205314,-1.554240342443686,-0.8464611738256089
2019-05-01,2019,5,Topeka,KS,158250.0,0.507585966131233,0.20733709272746526,-0.9554276557092911,-0.834922675207212,-0.7789843683563757,0.8402259710453139,-1.078793809301643,-0.5525852080655056,-0.8500832476151249,-0.54756158902776,-1.4757745450923159,-0.8285993019291225
2019-06-01,2019,6,Topeka,KS,149999.0,0.5131274332496946,0.19460638900666558,-0.8438727672443254,-0.834922675207212,-0.7950594652148865,0.8354074017497737,-1.0052014230663926,-0.5525852080655056,-0.8500832476151249,-0.44807851205229965,-1.3188429503895762,-0.7766315326547583
2019-07-01,2019,7,Topeka,KS,149999.5,0.5080654161202236,0.1862688254422304,-0.9373129885751217,-0.834922675207212,-0.7789843683563757,0.8867210114962003,-1.0221842814283735,-0.5938428661858474,-0.8938452378625031,-0.5724323582716251,-1.2403771530382062,-0.826586263661788
2019-08-01,2019,8,Topeka,KS,145614.2857,0.5304578344217017,0.17900950602561982,-0.9021395173950686,-0.834922675207212,-0.7789843683563757,0.9004222779282928,-1.050489045365008,-0.5938428661858474,-1.0130589354329476,-0.5973031275154901,-0.9265139636327268,-0.8063921515257104
2019-09-01,2019,9,Topeka,KS,141664.2857,0.5209680069681327,0.16747325988047473,-0.8755179870645569,-0.834922675207212,-0.7789843683563757,0.8696110333856084,-1.0759633329079794,-0.5938428661858474,-1.0402215500692513,-0.5973031275154901,-1.436541646416631,-0.8280742057769291
2019-10-01,2019,10,Topeka,KS,148699.5,0.5319781212218194,0.1636381804431376,-1.042888051640448,-0.834922675207212,-0.7789843683563757,0.9106732239417811,-0.9882185647044118,-0.5938428661858474,-1.0040047305541795,-0.4232077428084343,-1.2403771530382062,-0.7435087394648072
2019-11-01,2019,11,Topeka,KS,135000.0,0.5272958345071417,0.1578740583410555,-0.986619623313589,-0.834922675207212,-0.7950594652148865,0.9175126369459822,-0.976896659129758,-0.5938428661858474,-1.0734203012914003,-0.8460108199541413,-0.8480481662813568,-0.7842504484218853
2019-12-01,2019,12,Topeka,KS,131900.0,0.5231640342386313,0.15135991166760937,-1.051472484943588,-0.834922675207212,-0.8111345620733972,0.9045975095742684,-1.0986071440572875,-0.5938428661858474,-1.204706272033535,-1.2688138970998482,-0.14185599011902777,-0.7930935634916566
2020-01-01,2020,1,Topeka,KS,129450.0,0.5591421011159129,0.14615312830713123,-1.0541796740215232,-0.8350514515246039,-0.8088736686786625,0.8925284640798109,-1.2967074887184709,-0.5938428661858474,-1.3012844574070597,-0.9900414844568151,0.36817169266487654,-0.7597922743301667
2020-02-01,2020,2,Topeka,KS,139900.0,0.5667782169584459,0.11786580821074454,-0.9956047598637288,-0.8350514515246039,-0.7927300598990993,0.9286977817280939,-1.4189367026594566,-0.5525852080655056,-1.2333779208163003,-0.8651576432415184,0.5643361860433013,-0.7927010082841787
2020-03-01,2020,3,Topeka,KS,149950.0,0.519239213319483,0.09853772984450122,-1.0457037182311313,-0.8350514515246039,-0.7927300598990993,0.9650753513276128,-1.4615748005458467,-0.5525852080655056,-1.2062153061799965,-0.7652505702692811,-1.554240342443686,-0.8667539407855763
2020-04-01,2020,4,Topeka,KS,163000.0,0.42199145922312903,0.09610749158564755,-1.0352797898606814,-0.8350514515246039,-0.8088736686786625,0.5249979305428505,-1.4956852788549588,3.284376997126294,-0.87875489639789,-1.0399950209429338,-1.3188429503895762,-2.546496561207932
2020-05-01,2020,5,Topeka,KS,169777.0,0.43172156467392836,0.08963836188320105,-1.0561609487316657,-0.8350514515246039,-0.7927300598990993,0.5287923207014843,-1.6889779892732615,1.7991013047939846,-0.7957580183425174,-0.8651576432415184,-1.0049797609840967,-1.829435151553066
2020-06-01,2020,6,Topeka,KS,152450.0,0.4133740434189192,0.07953114995384264,-1.0959762445270815,-0.8350514515246039,-0.8088736686786625,0.7883070911966658,-1.7515138661733007,0.7676598517854363,-1.058329959826787,-0.5654364243248065,-2.4173641133087544,-1.4543346839158544
2020-07-01,2020,7,Topeka,KS,135200.0,0.459125261159623,0.10105185500499586,-1.0678621566104938,-0.8350514515246039,-0.7927300598990993,0.9013926398394482,-1.7628840256096714,0.7264021936650945,-1.3556096866796672,-0.7652505702692811,-2.4565970119844396,-1.4477721484193502
2020-08-01,2020,8,Topeka,KS,149900.0,0.46715627164474816,0.061267256205676336,-1.0266976462463415,-0.8350514515246039,-0.7765864511195361,0.9168921332604533,-1.7969945039187838,0.4788562449430427,-1.2726128086242945,-0.9650647162137558,-2.0250351265519053,-1.4376321865986643
2020-09-01,2020,9,Topeka,KS,144950.0,0.48177169593916125,0.05083261553082473,-1.0625001588474587,-0.8350514515246039,-0.7927300598990993,0.955567664682469,-1.831104982227896,0.39634092870235876,-1.387299403755355,-0.9400879479706964,-2.181966721254645,-1.4019037831045025
2020-10-01,2020,10,Topeka,KS,142800.0,0.47848796793442266,0.04584222500380417,-1.0888328184640936,-0.8350514515246039,-0.7927300598990993,0.986522610533505,-1.8907983192688425,-0.22252394310277024,-1.2756308769172173,-1.1149253256721117,-2.0250351265519053,-1.325358792580648
2020-11-01,2020,11,Topeka,KS,144950.0,0.4761903160654033,0.03942839633420408,-1.0859065143465025,-0.8350514515246039,-0.8088736686786625,0.9973576463381684,-1.8879557794097497,-0.18126628498242808,-1.3752271305836643,-1.1648788621582304,-2.103500923903275,-1.3613087983469065
2020-12-01,2020,12,Topeka,KS,144950.0,0.4823953572787791,0.032000422639196446,-0.99853072288733,-0.8350514515246039,-0.7927300598990993,0.9902599976857159,-1.9448065765916034,-0.18126628498242808,-1.547257023280255,-1.1648788621582304,-1.7111719371464256,-1.3186097480827284
2016-07-01,2016,7,Tulsa,OK,207000.0,-1.5531295660704167,-1.5710447454183278,-0.8934157069819775,-0.7358196145762215,-1.1649855181331865,-1.430079655311119,0.17351017460790824,0.1487949799803073,0.3420537280893182,-0.07429558520678906,0.015075604583712002,-0.4784595490704115
2016-08-01,2016,8,Tulsa,OK,207000.0,-1.5471203957035202,-1.578436302171309,-0.9594778537442469,-0.7358196145762215,-1.1640759880774594,-1.4519669033282865,0.15891326038185846,0.1487949799803073,0.3465808305287022,-0.10344555173485345,0.2504729966378217,-0.514232418640341
2016-09-01,2016,9,Tulsa,OK,199950.0,-1.5490534505915108,-1.578436302171309,-0.905644771324451,-0.7358196145762215,-1.164236781667079,-1.4544629941253422,0.19673253814935115,0.1075373218599655,0.23491230369056446,-0.20838543123588552,0.21124009796213675,-0.4719479827478541
2016-10-01,2016,10,Tulsa,OK,197900.0,-1.553515443923525,-1.578436302171309,-0.8826448608665202,-0.7358196145762215,-1.1641633298233276,-1.4943121404043376,0.18279912002448565,0.1075373218599655,0.08853599148381638,-0.295835330820079,0.2504729966378217,-0.4517321336845234
2016-11-01,2016,11,Tulsa,OK,195000.0,-1.553487696691952,-1.58582785892429,-0.8989091201606731,-0.7358196145762215,-1.1641625860078941,-1.485068617519835,0.11180503719778893,0.06627966373962337,0.05382820611520602,-0.40660520362672403,0.4466374900162464,-0.47437421329593793
2016-12-01,2016,12,Tulsa,OK,192000.0,-1.555096201281768,-1.58582785892429,-0.8733684067196168,-0.7358196145762215,-1.1626848336715256,-1.4730691150959756,-0.019567190836658557,-0.016235652501060578,-0.041240945111857163,-0.9021546346038203,0.8781993754487808,-0.4434982825163765
2017-01-01,2017,1,Tulsa,OK,196500.0,-1.5560561756657012,-1.6012852553702737,-0.7489512762507241,-0.7354713688642498,-1.1640326206627654,-1.513178307213224,-0.0901183180908262,-0.057493310621402366,0.025156557332440932,-0.2777241809393964,0.9566651728001507,-0.5009366855001895
2017-02-01,2017,2,Tulsa,OK,199949.5,-1.5549642578847427,-1.6012852553702737,-0.8357502806010774,-0.7354713688642498,-1.16384580189526,-1.494630381881251,-0.12518926152326643,-0.09875096874174415,0.15795156222103712,-0.039335782006902985,0.5251032873676164,-0.5145152098564186
2017-03-01,2017,3,Tulsa,OK,203768.5,-1.5555128012032586,-1.6012852553702737,-0.8391067512067282,-0.7354713688642498,-1.1649308278229447,-1.513873711737905,-0.0821777271249906,-0.09875096874174415,0.1700238353927277,0.12928040260388524,-0.3380204834974525,-0.46486012877232835
2017-04-01,2017,4,Tulsa,OK,210000.0,-1.5548663335523623,-1.6012852553702737,-0.6964870367642798,-0.7354713688642498,-1.1655851053404471,-1.488452215935907,0.0064922053268396986,-0.1400086268620863,0.3571440695539314,0.10020864663650803,-0.45571917952450736,-0.44558776664746746
2017-05-01,2017,5,Tulsa,OK,214500.0,-1.5534502059799142,-1.6012852553702737,-0.719947266610871,-0.7354713688642498,-1.1650605685503503,-1.4677201643139257,0.0878832627266542,-0.1400086268620863,0.3601621378468541,0.19323826573211506,-0.45571917952450736,-0.4380645520953386
2017-06-01,2017,6,Tulsa,OK,219250.0,-1.5561002696864303,-1.6012852553702737,-0.6760895667030282,-0.7354713688642498,-1.1616566695177972,-1.484505084572722,0.22750532054259565,-0.18126628498242808,0.44164998175576536,0.12928040260388524,-0.3380204834974525,-0.4149632322097999
2017-07-01,2017,7,Tulsa,OK,215000.0,-1.5538422437225161,-1.6012852553702737,-0.6379640178624609,-0.7354713688642498,-1.1615251775278663,-1.4200049812627749,0.3790382648072912,-0.18126628498242808,0.32394531833178236,0.12928040260388524,-0.22032178747039768,-0.4441805014619836
2017-08-01,2017,8,Tulsa,OK,219200.0,-1.5534714386536614,-1.6086569802720778,-0.6324162676083158,-0.7354713688642498,-1.1645722697481227,-1.4259048840040662,0.36315708287562,-0.18126628498242808,0.38732475248315784,-0.12073669871555925,0.0935414019350819,-0.44431172447855033
2017-09-01,2017,9,Tulsa,OK,210000.0,-1.5518896159034845,-1.6086569802720778,-0.6311431993958773,-0.7354713688642498,-1.1649543732465575,-1.428976708993229,0.34859933277158783,-0.22252394310277024,0.3179091817459371,-0.18469456184378938,0.32893879398919157,-0.44776005056920565
2017-10-01,2017,10,Tulsa,OK,209950.0,-1.5517036140980633,-1.6086569802720778,-0.632397973050647,-0.7354713688642498,-1.1648418137446488,-1.4044326858973717,0.29698549149365716,-0.22252394310277024,0.2922556012560946,-0.20213761542421552,0.4466374900162464,-0.4661771118542195
2017-11-01,2017,11,Tulsa,OK,208750.0,-1.5512861658389012,-1.6086569802720778,-0.6066734109489448,-0.7354713688642498,-1.1648820439122958,-1.457751953289155,0.25463567300920087,-0.263781601223112,0.22736713295825786,-0.32423899048720006,0.48587038869193133,-0.4722441476103793
2017-12-01,2017,12,Tulsa,OK,204557.0,-1.5500049415652062,-1.6086569802720778,-0.6046033588208952,-0.7354713688642498,-1.1664979329246223,-1.4446408019539392,0.10508787648596442,-0.305039259343454,0.09759019636258431,-0.7370579252239571,0.6428019833946711,-0.45931884370133624
2018-01-01,2018,1,Tulsa,OK,203750.0,-1.550147919482985,-1.6165621808256319,-0.6664627797535847,-0.7351771725619152,-1.1642837115443387,-1.4205793823716042,-0.008072025250598025,-0.346296917463796,0.035719796357670176,-0.32271125316211363,0.8781993754487808,-0.4425559317910063
2018-02-01,2018,2,Tulsa,OK,207450.0,-1.5491805326856576,-1.6165621808256319,-0.548868616276945,-0.7351771725619152,-1.16408851591402,-1.434749668490632,-0.06815199493014765,-0.38755457558413775,0.04930110367582206,-0.16607879724025953,0.6035690847189862,-0.45788772222580004
2018-03-01,2018,3,Tulsa,OK,215000.0,-1.5471143604906543,-1.6165621808256319,-0.5937124828331547,-0.7351771725619152,-1.1655458914707895,-1.428545352740703,-0.0668315560360916,-0.42881223370447974,0.3028188402813239,0.019559669037493718,-0.3772533821731375,-0.4159661137425797
2018-04-01,2018,4,Tulsa,OK,220499.5,-1.5526970735187682,-1.6165621808256319,-0.5504923659445184,-0.7351771725619152,-1.1656750696662685,-1.4044160540314323,-0.054947605989587485,-0.4700698918248217,0.37977958175085125,0.251607751884685,-0.5341849768758773,-0.4261724999217308
2018-05-01,2018,5,Tulsa,OK,219900.0,-1.5512745796150158,-1.6165621808256319,-0.5512204917385825,-0.7351771725619152,-1.165455056598994,-1.398255180559514,0.05266816387597947,-0.5113275499451636,0.3541260012610088,0.3212221767388423,-0.7695823689299869,-0.4335130133900227
2018-06-01,2018,6,Tulsa,OK,215000.0,-1.553356226133916,-1.6165621808256319,-0.47432237323357107,-0.7351771725619152,-1.1659738935195254,-1.3833682231205253,0.19659600332808697,-0.5525852080655056,0.284710430523788,0.019559669037493718,-0.5341849768758773,-0.4351548123604775
2018-07-01,2018,7,Tulsa,OK,215000.0,-1.5549098574082134,-1.6165621808256319,-0.4218362335047147,-0.7351771725619152,-1.1693380452298952,-1.3782655058642297,0.2804438731006451,-0.5938428661858474,0.2877284988167107,0.13558371046108933,0.05430850325939695,-0.4089307673769942
2018-08-01,2018,8,Tulsa,OK,214900.0,-1.5573079285170457,-1.6165621808256319,-0.41878644965924655,-0.7351771725619152,-1.165089590548862,-1.368886440061784,0.31609572324015806,-0.6351005243061894,0.22133099637241258,0.09497529596283086,0.0935414019350819,-0.38896787639940406
2018-09-01,2018,9,Tulsa,OK,214900.0,-1.5545835544413786,-1.6239172346133186,-0.42607609759523923,-0.7351771725619152,-1.1617768039571874,-1.3721064374187069,0.30949352876987807,-0.6351005243061894,0.1639876988068824,-0.3169100510909338,0.2504729966378217,-0.41418826686426113
2018-10-01,2018,10,Tulsa,OK,214649.5,-1.5526300372809312,-1.6239172346133186,-0.35507868521624886,-0.7351771725619152,-1.1619406996967296,-1.3304156288708087,0.21310148950378766,-0.6351005243061894,0.13078894758473336,-0.4213316883721698,0.6035690847189862,-0.3753253453084726
2018-11-01,2018,11,Tulsa,OK,219150.0,-1.554656457505267,-1.6239172346133186,-0.4505601084989897,-0.7351771725619152,-1.1579435676681884,-1.3046492367401652,0.04342509161758745,-0.5938428661858474,0.2002045183219541,-0.5895665484363836,0.6428019833946711,-0.35112729834252415
2018-12-01,2018,12,Tulsa,OK,215000.0,-1.5533280267885556,-1.6239172346133186,-0.4095622052116651,-0.7351771725619152,-1.158823226451202,-1.3067085300840267,-0.049665850413363306,-0.5938428661858474,0.1398431524635013,-0.6185725587922823,0.799733578097411,-0.32827427075991034
2019-01-01,2019,1,Tulsa,OK,215999.5,-1.5531676331555642,-1.6251298806958927,-0.48120868212867834,-0.7344815972296607,-1.161349978732074,-1.334859551202118,-0.22629748300083546,-0.5938428661858474,0.10815343538781355,-0.3385398445188117,1.1135967675028906,-0.3493942487905669
2019-02-01,2019,2,Tulsa,OK,221443.0,-1.5521984084383658,-1.6251298806958927,-0.40861589571203827,-0.7344815972296607,-1.1611210071462423,-1.334156500870786,-0.32086344814272244,-0.5938428661858474,0.2364213378370258,-0.26352531316489525,0.21124009796213675,-0.3393531756185078
2019-03-01,2019,3,Tulsa,OK,229185.7143,-1.5505746978849042,-1.6324458168680125,-0.43866616240850187,-0.7344815972296607,-1.1590464760902925,-1.3191311140706867,-0.3950714624554533,-0.6351005243061894,0.4136250627552172,-0.14234799328549155,-0.22032178747039768,-0.31818958491811183
2019-04-01,2019,4,Tulsa,OK,233685.7143,-1.5480607504181771,-1.6251298806958927,-0.49799644537882554,-0.7344815972296607,-1.162736730645732,-1.327460721575731,-0.43184711556618716,-0.6351005243061894,0.5086942139822804,0.06538455507919984,-0.45571917952450736,-0.29556870052945405
2019-05-01,2019,5,Tulsa,OK,239900.0,-1.552326681934028,-1.6251298806958927,-0.46721134760512034,-0.7344815972296607,-1.1590391193902831,-1.321270097776542,-0.43381723983997644,-0.6763581824265313,0.6468786256745049,-0.08464450762863275,-0.5341849768758773,-0.3087693823468972
2019-06-01,2019,6,Tulsa,OK,239690.0,-1.551468692698245,-1.6251298806958927,-0.4494865144319057,-0.7344815972296607,-1.159577582380464,-1.334013883518521,-0.36551959834861353,-0.6763581824265313,0.5412462354222125,-0.18274043324529265,-0.2987875848217676,-0.32150166875892955
2019-07-01,2019,7,Tulsa,OK,241895.0,-1.562301195299948,-1.6251298806958927,-0.5000783713409738,-0.7344815972296607,-1.1589206088005177,-1.3407002242060433,-0.35107202034082524,-0.6763581824265313,0.5850082256695908,-0.2577549645992091,-0.024157294091972942,-0.3432018752072483
2019-08-01,2019,8,Tulsa,OK,241185.7143,-1.5563780165642338,-1.6251298806958927,-0.49730781897186804,-0.7344815972296607,-1.1587453778540062,-1.3477122631114147,-0.42199649419724067,-0.6351005243061894,0.5899664802910962,-0.30968810169038213,0.015075604583712002,-0.3124620310138379
2019-09-01,2019,9,Tulsa,OK,242685.7143,-1.5552897384542432,-1.6251298806958927,-0.48948932041243337,-0.7344815972296607,-1.159191038140075,-1.3649535443952328,-0.5296966211643896,-0.6351005243061894,0.5975116510234029,-0.6039758785403618,0.0935414019350819,-0.3471514122731359
2019-10-01,2019,10,Tulsa,OK,248950.0,-1.5483657583102373,-1.6397617530401323,-0.5296905037016949,-0.7344815972296607,-1.1596692302497393,-1.401858261441255,-0.5342935778032314,-0.6351005243061894,0.7359116403157229,-0.4827985586609585,0.21124009796213675,-0.3513572452122864
2019-11-01,2019,11,Tulsa,OK,248500.0,-1.549859192854005,-1.6397617530401323,-0.4776769723009044,-0.7344815972296607,-1.159025860839985,-1.420195619174332,-0.594054014108174,-0.6763581824265313,0.6438605573815823,-0.9040340039560277,0.0935414019350819,-0.3211620262884248
2019-12-01,2019,12,Tulsa,OK,249725.0,-1.5484714667705024,-1.6324458168680125,-0.4777814846018864,-0.7344815972296607,-1.1593996698953646,-1.4209162750177233,-0.7155450109918483,-0.6763581824265313,0.5970804988412813,-0.9155747010873995,0.48587038869193133,-0.3231977410405435
2020-01-01,2020,1,Tulsa,OK,239900.0,-1.5509259642273165,-1.6339861157275346,-0.4046742783118987,-0.7335572607156976,-1.158635947577264,-1.4504143246059447,-0.8001183503700189,-0.6763581824265313,0.45070418663453327,-0.7126818478100555,1.0743638688272055,-0.35274285549663503
2020-02-01,2020,2,Tulsa,OK,245000.0,-1.5496883758741848,-1.6339861157275346,-0.45847609312123655,-0.7335572607156976,-1.1584086914896414,-1.4510543785148005,-0.888151757073966,-0.6351005243061894,0.3993970256548484,-0.6095445079244828,0.48587038869193133,-0.3566541207470784
2020-03-01,2020,3,Tulsa,OK,256000.0,-1.5515426716657692,-1.6339861157275346,-0.3898692108196715,-0.7335572607156976,-1.1565034191041068,-1.4700258380916174,-0.899237445325574,-0.5525852080655056,0.5518094744474418,-0.4491086458802589,-0.45571917952450736,-0.44000927811382207
2020-04-01,2020,4,Tulsa,OK,261700.0,-1.5719027621574835,-1.6339861157275346,-0.35189260417506474,-0.7335572607156976,-1.1565995515983043,-1.509772729939246,-0.914887828739609,3.738211236450055,0.5804811232302068,-0.7126818478100555,-0.2987875848217676,-1.9365411057069517
2020-05-01,2020,5,Tulsa,OK,269500.0,-1.57870409409109,-1.6339861157275346,-0.36265647021687436,-0.7335572607156976,-1.1566328171109217,-1.5659721035282184,-1.0048775333703106,2.252935544117746,0.6468786256745049,-0.6038146557086177,-0.0633901927676579,-1.301753464927689
2020-06-01,2020,6,Tulsa,OK,282450.0,-1.5669600060101434,-1.6339861157275346,-0.4358871372103024,-0.7335572607156976,-1.1609574417904456,-1.5880431002128337,-1.155512473730398,1.592813014192275,0.7811826647095624,-0.5923549512768873,-0.2987875848217676,-0.9422807896394092
2020-07-01,2020,7,Tulsa,OK,293750.0,-1.5699302989783985,-1.641250708604337,-0.45089860470182297,-0.7335572607156976,-1.1601980057255321,-1.6232337418961773,-1.227243397711392,1.2627517492295395,1.0316823330221416,-0.5465161335499662,-0.3772533821731375,-0.9295163338850138
2020-08-01,2020,8,Tulsa,OK,282000.0,-1.5697818897199993,-1.641250708604337,-0.3149360992981344,-0.7335572607156976,-1.1343012150256382,-1.648185068994202,-1.3244061947401928,0.808917509905778,0.8521072695932445,-0.6210042123562133,-0.5341849768758773,-0.9461240968775089
2020-09-01,2020,9,Tulsa,OK,281250.0,-1.5733910861307636,-1.6485153014811393,-0.3566075483268446,-0.7335572607156976,-1.1384364126412676,-1.6497112996365455,-1.392224522867678,0.5613715611837267,0.8279627232498634,-0.7298714044576506,-0.5734178755515622,-0.8757111382392727
2020-10-01,2020,10,Tulsa,OK,275000.0,-1.5723396603138888,-1.6485153014811393,-0.4427562911452677,-0.7335572607156976,-1.1540431302624519,-1.6427851003033946,-1.4013539131925319,0.272567954341333,0.6287702159169691,-0.7126818478100555,-0.6126507742272471,-0.6700304088553443
2020-11-01,2020,11,Tulsa,OK,267450.0,-1.5707895211891636,-1.6485153014811393,-0.30723608985892453,-0.7335572607156976,-1.1602846762826393,-1.7048198214895265,-1.4163521972976487,0.19005263810064907,0.45523128907391724,-0.7928997788321673,-0.5341849768758773,-0.6015891784558148
2020-12-01,2020,12,Tulsa,OK,270512.0,-1.58891958766535,-1.6485153014811393,-0.27754321106764424,-0.7335572607156976,-1.1640350382870064,-1.70566070982308,-1.572203932129081,0.1075373218599655,0.5382281671292899,-1.2799372171807044,0.05430850325939695,-0.6637629880459579
